0З (OSIS);"суффикс, обозначающий: 1. Заболевание. Например:нефроз (nephrosis) - заболевание почек; лептоспироз (leptospirosis) - заболевание, вызываемое бактериями рода Leptospira. 2. Любое состояние человека. Например: наркоз (narcosis) - анестезия. 3. Увеличение или избыточное содержание чего-либо в организме. Например: лейкоцитоз (leucocytosis) - увеличение содержания лейкоцитов."
5ГИДРОКСИТРИПТАМИН (5HYDROXYTRYPTAMINE);см. Серотонин.
A (A, AN);"приставка, указывающая на отсутствие чего-либо. Например: амастия (amastia) - врожденное отсутствие одной или обеих молочных желез; аморфный (amorphic) - не имеющий определенной формы; атоксичный (atoxic) - неядовитый."
ABL;ABL - обозначение протоонкогена, расположенного на хромосоме 9, который подвергается мутации в результате транслокации хромосомы 9 и лежит в основе развития хронического миелоидного лейкоза. Этот ген в норме управляет образованием ферментного белка тирозинкиназы. В клетках пациентов с ХМЛ ген ABL мутирован в результате транслокации и слияния с геном BCR хромосомы 22. Этот мутантный комбинированный ген управляет синтезом аномально длинного белка тирозинкиназы, который вызывает тяжелое нарушение контроля размножения и продолжительности жизни пораженных лейкозных клеток. В обозначении указанного гена использована фамилия ученого (Abelson), который впервые описал этот ген у мышей (см. также Ph-хромосома)
AJIT (ALG);антилимфоцитарный глобулин. См. Сыворотка антилимфоцитарная.
AMOK (AMOK);внезапная вспышка ярости и кровожадной агрессивности, направленная на любого находящегося поблизости человека без разбора. Особенно часто встречается у отдельных народов, например, у малайцев.
APT (ARTHR), APTPO (ARTFIRO);"приставка, указывающая на связь с суставом. Например: артрология (arthrology) - раздел медицины, изучающий суставы; артросклероз (arthrosclcrosis) - тугоподвижность, болезненность и скованность суставов."
HOC (NOSE);"орган обоняния и начальный отдел дыхательных путей; в полости носа вдыхаемый воздух согревается, увлажняется и очищается. Наружный нос (external nose) представляет собой треугольный выступ в середине лица, который образован носовыми костями и рядом хрящей и покрыт кожей. Ноздри ведут в полость носа (nasal cavity), выстланную слизистой оболочкой, в которой выделяют две отличающиеся друг от друга по строению и функции части: дыхательную и обонятельную. Первая покрыта реснитчатым эпителием с большим количеством бокаловидных клеток, вырабатывающих слизь. Обонятельная область, расположенная на верхней носовой раковине и лежащей на этом же уровне зоне носовой перегородки, покрыта обонятельным эпителием, содержащим около 10-40 млн нейросенсорных обонятельных клеток. Носовая перегородка (nasal septum) делит полость носа на две половины: на боковой стенке каждой имеются три носовые раковины, под каждой находится носовой ход (meatus). В эти ходы открываются придаточные пазухи носа."
MEAT (MEAT), MEATO (MЕАTO);приставка, обозначающая проход. Например: меатотомия (meatotomy) - рассечение наружного отверстия мочеиспускательного канала с целью его расширения.
MECHA (MESNA);лекарственное вещество, вводимое больному внутривенно в инъекциях или вливаниях для предотвращения токсического влияния таких лекарственных веществ, как ифосфамид или циклофосфамид, на его мочевой пузырь. Месна связывается с токсическим метаболитом акролеином и выводится вместе с ним с мочой.
MET (MET), МЕТА (META);"приставка, обозначающая: 1. Удаленный от чего-либо; расположенный позади чего-либо. 2. Изменение; преобразование."
TOKO (TOCO);приставка, обозначающая роды.
АБ (AB);приставка, указывающая на местоположение вне чего-либо. Например: абэмбрионный (abcmbryonic) - находящийся вне или напротив эмбриона.
АБАЗИЯ;- неспособность ходить.
АБАЗИЯ (ABASIA);неспособность ходить, не связанная ни с каким заболеванием человека. См. также Астазия.
АБАРТИКУЛЯЦИЯ (ABARTICULATION);1. Вывих сустава. 2. Синовиальный сустав (см. Диартроз).
АБДОМИН, АБДОМИНО (ABDOMIN, ABDOMINO);"словосочетание указывает на связь с брюшной полостью. Например: абдоминалгия (abdominalgia) - боль в животе; абдоминоторакальный (abdominothoracic) - имеющий отношение к брюшной и грудной полостям."
АБДОМИНОПЛАСТИКА;- иссечение части жировой клетчатки и кожи брюшной стенки. Абдоминопластику в основном проводят при лечебном похудании, абодминальной псевдолиподистрофии, рубцах после операций особенно сопровождающихся диастазом (расхождение) мышц и грыжах. Операцию проводят под общим обезболиванием.
АБДОМИНОСКОПИЯ (ABDOMINOSCOPY);см. Лапароскопия.
АБДУКТОР;- мышца, функцией которой является отведение конечности.
АБДУКТОР (ABDUCTOR);любая мышца, которая отводит одну часть тела от другой или от средней линии туловища.
АБДУКЦИЯ (ABDUCTION);отведение конечности или какой-либо другой части тела от средней линии туловища.
БАЗАЛИОМА (RODENT ULCER);см. Карцинома базально-клеточная.
БАЗЕДОВА БОЛЕЗНЬ;(диффузный токсический зоб, болезнь Грейвса, болезнь Флаяни, болезнь Перри) - заболевание при котором имеется равномерное, диффузное увеличение щитовидной железы, избыточная продукция тиреиодных гормонов (гормонов щитовидной железы) и изменения в органах и тканях, вызванные большим количеством этих гормонов. Основные симптомы: увеличение щитовидной железы, утомляемость, общая слабость, рассеянность, повышенная раздражительность, сердцебиение, дрожание, потливость, похудание (при сохраненном или повышенном аппетите) и др. Лечение: терапевтическое (подавление функции щитовидной железы, в том числе радиоактивным йодом) и хирургическое (удаление части щитовидной железы).
БАЗИОН (BASION);точка на середине переднего края большого затылочного отверстия (в основании черепа).
БАЗОФИЛ (BASOPHIT);разновидность лейкоцитов, для которых характерно наличие в цитоплазме крупных гранул, которые окрашиваются в пурпурно-черный цвет при воздействии на цитоплазму красителя Романовского. Назначение базофилов пока что до конца не уяснено, однако известно, что они способны поглощать чужеродные частицы и, кроме того, содержат в своем составе гистамин и гепарин. Обычно в норме в одном литре крови содержится 30-150х106 базофилов.
БАЗОФИЛИЯ (BASOPHILIA);"1. Свойство микроструктуры окрашиваться основными красителями. 2. Повышенное по сравнение с нормой количество базофилов в крови; свидетельствует о имеющемся у человека заболевании."
БАЗОФИЛЫ;Базофилы - тип белых кровяных клеток, участвующих в некоторых аллергических реакциях.
БАЗОФИЛЬНЫЙ (BASOPHILIC);обозначает тканевые компоненты, которые могут легко окрашиваться основными красителями: показатель базофилии.
БАКТЕРИ (BACTERI), БАКТЕРИО (BACTERIA);Приставка, указывающая на связь с бактериями. Например: бактериолиз (bacteriolysis) - разрушение бактериальных клеток.
БАКТЕРИЕМИЯ;- наличие бактерий в циркулирующей крови.
БАКТЕРИЕМИЯ (BACTERAEMIA);присутствие бактерий в крови человека: свидетельствует о наличии инфекционного заболевания.
В ЖИВОМ (ОРГАНИЗМЕ) (IN VIVO);(латинск.) данный термин используется для описания биологических процессов, происходящих внутри живых организмов.
В МОМЕНТ СМЕРТИ (IN ARTICULO MORTIS);(латинск.).
В ПРОБИРКЕ (IN VITRO) (ЛАТИНСК.);данный термин используется для описания биологического процесса, происходящего вне живого организма (обычно в пробирке).
ВАГИН (VAGIN), ВАГИНО (VAGINO);приставка, обозначающая влагалище.
ВАГИНИЗМ (VAGINISMUS);внезапное болезненное сокращение окружающих влагалище мышц, которое обычно возникает в ответ на прикосновение к вульве или влагалищу. Это может затруднять половое сношение и приводить к появлению у женщины чувства страха и даже отвращения к нему. Другими возможными причинами развития вагинизма являются: травма влагалища или его изъязвление, сухость или стягивание его слизистой оболочки, а также воспаление влагалища или мочевого пузыря. См. также Диспареуния.
ВАГИНИТ;- воспаление слизистой оболочки влагалища.
ВАГИНИТ (VAGINITIS);воспаление влагалища, которое может быть вызвано какой-либо инфекцией (обычно возбудителями вида Trichomonas vaginalis), неправильным питанием женщины или нарушением личной гигиены. Основными симптомами заболевания являются: сильный зуд, обильные выделения из влагалища и боль во время мочеиспускания. Вагинит может быть также одним из проявлений имеющегося у женщины заболевания, которое передастся половым путем. Причиной развития постменопаузного (postmcnopausal) (или атрофического (atrophic)) вагинита является значительное снижение количества женских половых гормонов, вырабатываемых в женском организме.
ВАГИНОПЛАСТИКА (VAGINOPLASLY), КОЛЬПОПЛАСТИКА (COLPOPLASTY);пластическая операция, заключающаяся в пересадке тканевого трансплантата в области влагалища.
ВАГИНОСКОП (VAGINOSCOPE);см. Кольпоскоп.
ВАГО (VAGO);приставка, обозначающая блуждающий нерв.
ГАВЕРСОВА СИСТЕМА;- структурная единица кости.
ГАЗ ВЕСЕЛЯЩИЙ (LAUGHING GAS);см. Закись азота.
ГАЗ НЕРВНЫЙ (NERVE GAS);газ, нарушающий нормальную функцию нервов и иннервируемых ими мышц. Существуют две группы нервных газов: G-вещества (G agents) и V-вещества (V agents). Смертельная опасность последних примерно в 300 раз выше, чем у иприта: один вдох его паров может вызвать у человека смерть вследствие паралича дыхательных мышц. V-вещества также могут действовать и через кожу, поэтому применение одного лишь противогаза является недостаточной мерой защиты от них.
ГАЗ РУДНИЧНЫЙ (DAMP);(в горном деле) любой газ, встречающийся под землей помимо воздуха. См. Газ углекислый удушливый, Газ гремучий.
ГАЗ РУДНИЧНЫЙ (FIREDAMP);(в горном деле) взрывчатая смесь газов, в состав которой обычно в больших концентрациях входит метан (иногда образуется в шахтах под землей). Отличается от углекислого удушливого газа, который не является горючим.
ГАЗ СЛЕЗОТОЧИВЫЙ (TEAR GAS);"газ, применяющийся в ходе военных действий и полицейскими для временного вывода из строя противника. Большинство видов слезоточивого газа вызывает жгучую боль в глазах и обильное слезотечение из глаз. См. также Газ ````Си-Эс````."
ГАЗ УГЛЕКИСЛЫЙ УДУШЛИВЫЙ (BLACKDAMP, CHOKEDAMP);(в горном деле) ядовитый газ, в состав которого входит диоксид углерода, монооксид углерода и другие удушающие вещества, иногда встречающиеся в шахтах подземных разработок. Для сравнения: газ рудничный.
ГАЗОВОЖИДКОСТНЫЕ УРОВНИ;"(чаши Клойбера) - рентгенологический признак острой кишечной непроходимости. На рентгенограмме брюшной полости видны уровни жидкости с газом в виде ``чаш``."
ГАЗООБМЕН;- соотношение между потреблением кислорода и выделением углекислого газа из организма.
ГАЙМОРИТ;- воспаление слизистой оболочки верхнечелюстной пазухи.
ДАВЛЕНИЕ ВЕНОЗНОЕ ЦЕНТРАЛЬНОЕ (ЦВД) (CENTRAL VENOUS PRESSURE, CVP);"давление крови в правом предсердии. Измерение ЦВД проводится с помощью катетеризации правой половины сердца; к катетеру крепится манометр. Измерение ЦВД проводится для определения циркуляторной функции, а также объема крови в случае шока или сильного кровотечения, а также для наблюдения за восполнением крови. В горизонтальном положении при нулевой отметке манометра в центре подмышечной впадины ЦВД при нормальных условиях должно находиться в пределах от 5 до 8 см водяного столба."
ДАВЛЕНИЕ ДИАСТОЛИЧЕСКОЕ (DIASLOLIC PRESSURE);см. Давление кровяное.
ДАВЛЕНИЕ КРОВЯНОЕ (BLOOD PRESSURE);"давление крови на стенки основных артерий. Самое высокое давление наблюдается во время систолы, когда происходит сокращение желудочков (систолическое давление (systolic pressure)), a самое низкое - во время диастолы, когда желудочки расслабляются и снова наполняются кровью (диастолическое давление (diastolic pressure)). Давление крови выражается в миллиметрах ртутного столба и измеряется при помощи сфигмоманометра на плечевой артерии, так как в этом месте практически совпадает с давлением крови в восходящей аорте. Нормальный диапазон давления с возрастом несколько изменяется; у взрослых молодых людей систолическое давление составляет примерно 120 мм ртутного столба, а диастолическое - примерно 80 мм ртутного столба. Таким образом, оно записывается как 120/80. Индивидуальные небольшие отклонения от этих цифр вполне обычны. Мышечное напряжение, а также некоторые эмоциональные факторы, такие как испуг, стресс или возбуждение, приводят к повышению систолического давления (см. Гипертензия). Обычно наименьшее систолическое давление наблюдается у человека во время сна. Сильное потрясение может вызывать аномальное снижение давления и привести к развитию недостаточности кровообращения (см. Гипотензия). Кровяное давление в организме человека регулируется гормонально и вегетативной нервной системой, преимущественно ее симпатической частью."
ДАВЛЕНИЕ ОНКОТИЧЕСКОЕ (ONCOTIC PRESSURE);давление, характеризующее разницу между существующим осмотическим давлением крови и давлением лимфы или тканевой жидкости. Это давление играет важную роль в регуляции поступления воды из крови в тканевые жидкости, и наоборот. (Онкотическое давление - это создаваемое белками плазмы коллоидно-осмотическое давление -ред.) См. также Осмос.
ДАВЛЕНИЕ СИСТОЛИЧЕСКОЕ (SYSTOLIC PRESSURE);см. Давление кровяное.
ДАКРИ (DACRY), ДАКРИО (DACRYO);приставка, обозначающая: 1. Слезы. 2. Слезный аппарат.
ДАКРИОАДЕНИТ (DACRYOADENILIS);воспаление слезной железы (см. Аппарат слезный).
ДАКРИОПС (DACRYOPS);устаревшее: избыточное образование слезы.
ДАКРИОСТЕНОЗ;- сужение слезовыводящх путей.
ДАКРИОЦИСТИТ;- воспаление слезного мешка.
ЕВГЕНИКА;"- научное направление,основанное Гальтоном и ставящее своей целью улучшение человеческого рода путем создания препятствий для воспроизведения ``неприспособленных`` и, напротив, благоприятных условий для воспроизведения наиболее одаренных. В настоящее время евгенику можно рассматривать как комплекс мероприятий, направленных на профилактику генетических аномалий. Во многих странах действуют евгенические законы, запрещающие, например, кровосмесительство (инцест)."
ЕВГЕНИКА (EUGENICS);наука, занимающаяся улучшением человеческой расы, основываясь на принципах генетики. Основным объектом се изучения является определение и, если возможно, устранение наследственных заболеваний человека.ЕМИЯ (-aemia) - суффикс, указывающий на специфический биохимический состав крови. Например: гипергликемия (hypeglycacmia) - повышенное содержание.
ЕВНУХОИДИЗМ;- состояние характеризующееся сниженной функцией яичек.
ЕМКОСТЬ ЖИЗНЕННАЯ (VITAL CAPACITY);наибольший объем воздуха, который может выдохнуть человек после максимального вдоха. Обычно для определения жизненной емкости легких используется спирометр (spirometer).ЕЮН- (jejun-), ЕЮНО- (jejuno-) - приставка, обозначающая тощую кишку.
ЕСТЕСТВЕННЫЙ ОТБОР;- концепция, сформулированная Чарльзом Дарвином. Согласно которой особи, наименее приспособленные для выживания в данных условиях, устраняются, уступая место более сильным и способным более успешно передавать свои признаки потомству.
ЕЮНОИЛЕОСТОМИЯ (JEJUNOILEOSTOMY);хирургическая операция, заключающаяся в соединении тощей кишки с подвздошной, когда удаляется либо конец тощей кишки, либо начало подвздошной кишки или необходимо наложить обходной анастомоз, минуя эти участки кишечника. Данная операция обычно выполняется при заболеваниях кишечника (например, при болезни Крона). Ранее она выполнялась в процессе лечения ожирения, однако в последнее время от нее отказались из-за наличия серьезных побочных эффектов.
ЕЮНОСТОМИЯ (JEJUNOSTOMY);хирургическая операция, заключающаяся в выведении тощей кишки наружу через брюшную стенку и ее вскрытии. Иногда эта операция выполняется для введения катетера в тощую кишку для кратковременного вливания через него питательных или лекарственных веществ.
ЕЮНОТОМИЯ (JEJUNOTOMY);хирургическая операция, заключающаяся в рассечении тощей кишки для исследования ее содержимого или удаления из нес каких-либо инородных тел.
ЕЮНЭКТОМИЯ (JEJUNECTOMY);хирургическая операция, заключающаяся в удалении тощей кишки или какой-либо ее части.
ЖАБА ГРУДНАЯ, СТЕНОКАРДИЯ (ANGINA PECTORIS);"загрудинная боль, усиливающаяся при физической нагрузке и уменьшающаяся в покое; может распространяться также на руки и нижнюю челюсть. Развивается в случае, когда потребность сердца в крови превышает возможности снабжения ею коронарных артерий; обычно возникает вследствие атеросклероза коронарных артерий. Состояние больного можно облегчить или даже предотвратить дальнейшее развитие болезни с помощью таких лекарственных препаратов, как тринитрат глицерина и пропранолол. В случае, если медикаментозное лечение оказывается неэффективным, производится коронарная ангиопластика или делается обходной сосудистый шунт, причем в первом случае вероятность инфицирования оказывается значительно ниже, чем во втором."
ЖАР (COLOR);"тепло: один из классических признаков протекающего воспаления в ткани; другие три признака - это покраснение, болезненность и опухание. Воспаленный участок становится горячим на ощупь, так как в нем повышается температура вследствие расширения кровеносных сосудов и притока сюда большего количества крови."
ЖАРОПОНИЖАЮЩЕЕ (FEBRIFUGE);лечение или лекарственное вещество, уменьшающее или предотвращающее повышение температуры (жар). См. Антипиретик.
ЖГУТИК (FLAGELLUM, МНОЖ. FLAGELLA);тонкий, длинный, напоминающий по своему внешнему виду жгутик, вырост клетки, окруженный плазмалеммой имеется у некоторых клеток (например, у сперматозоидов и ряда одноклеточных организмов). Жгутитки выполняют функцию движения этих клеток.
ЖГУТИКОВОЕ (FLAGELLATE);разновидность простейших, имеющих один или несколько тонких жгутиков (см. Жгутик), выступающих над поверхностью их тела, при помощи которых они могут плавать в воде. Некоторые жгутиковые являются паразитами человека и с этой точки зрения представляют интерес для медицины. См. Trypanosoma, Leishmania, Giardia, Trichomonas.
ЖЕВАНИЕ (MASTICATION);процесс пережевывания пищи.
ЖЕЛАТИН (GELATIN);смесь белковых тел животного происхождения - желеобразное вещество, образующееся при вываривании в воде сухожилий, связок, костей и некоторых других тканей, в состав которых входит коллаген (белок). Желатин применяется в медицине в качестве источника белков для лечения различных нарушений питания, в фармакологии - для производства капсул и суппозиториев, в бактериологии - для приготовления культуральных сред.
ЖЕЛЕЗА (GLAND);орган, образованный железистыми эпителиальными клетками, синтезирующими и выделяющими определенные вещества, которые либо используются организмом в процессе его жизнедеятельности, либо удаляются из него. Существуют две основные группы желез: экзокринные железы, продукты секреции которых выделяются через протоки, и эндокринные железы, продукты секреции которых - гормоны - попадают непосредственно в кровеносное русло. См. также Секреция.
ЖЕЛЕЗА ВНУТРЕННЕЙ СЕКРЕЦИИ (DUCTLESS GLAND);см. Железа эндокринная.
ЖЕЛЕЗА МОЛОЧНАЯ (MAMMARY GLAND, MAMMA);орган секреции молока у женщин и самок млекопитающих. См. Грудь.
ЗАБОЛЕВАЕМОСТЬ (MORBIDITY);"развитие у человека какого-либо заболевания. Коэффициент заболеваемости (morbidity rate) характеризуется числом случаев возникновения какого-либо заболевания, которое приходится на некоторую определенную численность населения (обычно он выражается числом случаев возникновения заболевания, приходящимся на 100.000 или на миллион человек (для некоторых заболеваний последнее число может быть и меньше)). Ежегодные сведения о коэффициентах заболеваемости позволяют судить о распространенности различных заболеваний; по ним можно оценить, какое количество новых случаев болезни было зарегистрировано за прошедший год. См. также Коэффициент заболеваемости (incidence rate). Коэффициент распространенности болезни."
ЗАБОЛЕВАНИЕ ДВИГАТЕЛЬНЫХ НЕЙРОНОВ (MOTOR NEURONE DISEASE (MND));прогрессирующее дегенеративное заболевание двигательной системы, развивающееся у человека в среднем воз расте и приводящее к ослаблению и атрофии его мышц. Сначала поражаются клетки передних рогов спинного мозга, двигательные ядра ствола головного мозга и кортикоспинальныс пути. Обычно различают три клинические формы заболевания: боковой амиотрофичсский склероз (amyotrophic lateral sclerosis (ALS)), прогрессирующая мышечная атрофия (progressive muscular atrophy) и прогрессирующий бульбарный паралич (progressive bulbar palsy). Некоторые формы этого заболевания могут передаваться по наследству и наблюдаться у нескольких членов одной семьи. В настоящее время не существует никакого специального лечения данной болезни, однако разносторонняя поддерживающая терапия может значительно улучшить состояние больного и расширить функциональные возможности его мышц. Проводящиеся в настоящее время исследования роли факторов роста нервных клеток могут в будущем быть использованы для разработки каких-либо специальных методов лечения этого заболевания.
ЗАБОЛЕВАНИЕ КИСТЕЙ РУК, СТОП И ПОЛОСТИ РТА (HAND, FOOT AND MOUTH DISEASE);"самоограничивающееся заболевание, поражающее преимущественно маленьких детей; вызывается вирусом Коксаки. Незначительное недомогание сопровождается обычно изъязвлением слизистой оболочки полости рта и появлением болезненных волдырей на коже стоп и кистей."
ЗАБОЛЕВАНИЕ НЕРАСПОЗНАННОЕ (MISSED CASE);"наличие у человека какого-либо инфекционного заболевания, симптомы которого столь незначительны, что оно не требует никакого специального медицинского лечения,либо врач не может поставить больному диагноз болезни. Сам больной обычно имеет частичный иммунитет к болезни, однако если болезнетворные (патогенные) микроорганизмы становятся аномально вирулентными, то окружающие этого человека здоровые люди, не имеющие такого иммунитета, могут заражаться от него, и у них могут проявляться все симптомы, присущие данной болезни. Инфекционный период в этом случае ограничивается укороченным течением заболевания (в отличие от носителя, у которого патогенные микроорганизмы присутствуют в организме постоянно, не вызывая при этом никаких значительных проявлений болезни).Иногда в организме перенесшего болезнь человека могут оставаться болез- нетворные микроорганизмы (например, в горле или кишечнике); в этом случае он может надолго оставаться источником распрост ранения инфекции для окружающих его людей.ЗАБОЛЕВАНИЕ ПЕРИОДОНТАЛЬНОЕ (periodontal disease) - заболевание окружающих зуб тканей - десен, периодонтальной мембраны и альвеолярного отростка. Причиной болезни обычно является метаболизм бактериальных бляшек на поверхностях прилегающих к этим тканям зубов. К периодонтальным заболеваниям относятся гингивит, а также наиболее запущенная стадия периодонтита (periodontitis), на которой между десной и зубами образуется свободное пространство (периодонтальные или зубодесневые карманы (periodontal pockets)), а также наблюдается отмирание альвеолярного отростка и некоторых волокон, прикрепляющих зуб к челюсти. Данное заболевание часто встречается среди людей и является одной из основных причин потери зубов у пожилых людей. Основными факторами, способствующими развитию болезни, являются плохая гигиена полости рта и пониженная сопротивляемость организма инфекции (например, пониженная сопротивляемость организма у больных СПИДом может являться предрасполагающим фактором к развитию периодонтального заболевания).ЗАБОЛЕВАНИЕ ПЛЕВРЫ, РАЗВИВАЮЩЕЕСЯ ВСЛЕДСТВИЕ ПОПАДАНИЯ В ОРГАНИЗМ ЧЕЛОВЕКА АСБЕСТОВОЙ ПЫЛИ (asbestos-related pleura! disease) - любое заболевание плевры, вызываемое попаданием в дыхательные пути человека асбестовой пыли, но не затрагивающее легких (см. Асбестоз). К разновидностям этого заболевания относятся: образование плевральных бляшек, диффузное утолщение плевры, а также плевральный выпот (см. Отек)."
ЗАБОЛЕВАНИЕ ПРОФЕССИОНАЛЬНОЕ I (OCCUPATIONAL DISEASE);"заболевание, которое преимущественно развивается у работников, связанных с определенной производственной деятельностью. Профессиональные болезни (industrial diseases), связанные с определенным видом индустриального производства, также входят в состав этой группы. Например, различные формы пневмокониоза у работающих в сильно запыленных помещениях; катаракта стеклодувов; декомпрессионная болезнь водолазов; отравления ядовитыми металлами рабочих, связанных с вредным производством, а также различные инфекционные заболевания (например, болезнь сортировщиков шерсти), которыми заражаются от животных сельскохозяйственные рабочие (см. Язва сибирская). См. также Учет опасных для здоровья человека веществ. Болезнь ````предписанная ````."
ЗАБОЛЕВАНИЕ ПРОФЕССИОНАЛЬНОЕ II (PRESCRIBED DISEASE);одно из многих заболеваний (в настоящее время их насчитывается 48), которое может развиться у человека вследствие тесного контакта с каким-либо ядовитым веществом или после его нахождения во вредных условиях. К этим заболеваниям относятся, например, отравления ртутью или бензолом, дскомпрсссионная слабость у водолазов, некоторые инфекционные заболевания (например, сибирская язва, развивающаяся у некоторых рабочих, занимающихся обработкой шерсти). Некоторые особенно часто встречающиеся у людей заболевания могут быть отнесены к профессиональным (например, глухота у рабочих, чья деятельность связана с применением пневматических отбойных молотков, или туберкулез у работников похоронных служб). См. также Учет опасных для здоровья человека веществ.
ЗАБОЛЕВАНИЕ ПСИХИЧЕСКОЕ;"заболевание, связанное с нарушением одной или нескольких психических функций (таких как эмоции, восприятие, память или разум), что доставляет страдания как самому больному, так и окружающим его людям. Если основная проблема заключается в том, что поведение человека в целом выходит за рамки предписанного обществом, то использование термина ````заболевание```` в данном случае оказывается неуместным. Психическое заболевание необходимо отличать от задержки умственного развития, при которой у человека отмечается общее недоразвитие интеллектуальных способностей. Обычно эта группа заболеваний делится на психозы, при которых человек утрачивает способность к правильному восприятию окружающей действительности, и неврозы, при которых данная способность сохраняется."
ЗАБОЛЕВАНИЕ, БОЛЕЗНЬ (MORBUS);термин обычно применяется как часть медицинского названия какой-либо специфической болезни.
ЗАВИСИМОСТЬ (DEPENDENCE), ЗАВИСИМОСТЬ ЛЕКАРСТВЕННАЯ (DRUG DEPENDENCE);"физические и/или психологические эффекты, возникающие в результате привыкания к определенным лекарственным веществам; характеризуются компульсивным побуждением к продолжению приема этих лекарств. В случае физической зависимости (physical dependence) отказ от приема лекарственного вещества приводит к появлению специфических симптомов абстиненции (withdrawal symptoms), например: усиленной потливости, рвоты, тремора; они проходят после приема данного препарата. Физическая зависимость может развиться к алкоголю, а также к сильнодействующим наркотическим веществам - морфину, героину и кокаину. Зависимость от них часто приводит к смертельному исходу, отчасти из-за того, что передозировка этих веществ может оказаться фатальной, а отчасти потому, что несоблюдение элементарных гигиенических правил может привести к развитию таких серьезных инфекционных заболеваний, как гепатит и СПИД. Лечение таких больных связано со значительными трудностями и требует специальных навыков. Намного чаше встречается психологическая зависимость (psychological dependence), при которой периодическое применение лекарственного вещества вызывает у человека чувство благополучия и удовлетворения; после прекращения приема этих лекарств никаких симптомов абстиненции не наблюдается. К веществам, по отношению к которым может развиться психологическая зависимость, относятся: никотин, содержащийся в табаке, гашиш, а также множество относительно слабых наркотических лекарственных веществ (таких, например, как барбитураты и амфетамины)."
ЗАВИСИМОСТЬ ЛЕКАРСТВЕННАЯ (DRUG DEPENDENCE);см. Зависимость.
ИБУПРОФЕН (IBUPROFEN);"противовоспалительное лекарственное вещество (см. Нестероидные противовоспалительные лекарственные вещества); применяется для лечения артрита. Назначается внутрь; основными побочными эффектами являются кожные высыпания и нарушение процесса пищеварения. Торговые названия: бруфен (Brufen), юнифен (Junifen)."
ИВЕРМЕКТИН (IVERMECTIN);"лекарственное вещество; применяется для лечения онхоцеркоза. Назначается внутрь; ивермектин убивает незрелые формы (микрофилярии) паразитов. Побочные эффекты выражены умеренно, но могут проявляться в виде зуда и увеличения лимфатических узлов."
ИВЛ;- искусственная вентиляция легких.
ИГЛА (NEEDLE);"тонкая остроконечная металлическая игла, применяемая для зашивания тканей во время операции; они имеют специальное ушко, куда продеваются нити шовного материала, шовный материал может направляться на иглу (атравматические иглы (atraumatic needles)). Полые иглы применяются для введения в организм человека различных веществ, для получения образцов ткани или для отсасывания жидкости из какой-либо полости тела (см. Аспирация, Биопсия). См. также Игла с ограничителем."
ИГЛА С ОГРАНИЧИТЕЛЕМ (STOP NEEDLE);хирургическая игла, имеющая специальный стержень с выступающим ободком для прекращения ее дальнейшего продвижения при введении иглы на заданное расстояние в глубь ткани. На кончике этой иглы имеется специальное ушко.
ИД (ID);суффикс, обозначающий отношение или сходство с чем-либо. Например: сперматида (spermatid) - стадия образования спермы.
ИДЕНТИФИКАЦИЯ (IDENTIFICATION);(в психологическом развитии) бессознательный защитный механизм, когда человек создает в себе образ другого человека и, подражая ему, чувствует схожесть с ним. Идентификация с кем-либо из родителей очень важна для формирования личности ребенка и вносит особый вклад в развитие его моральных устоев и в становление его как будущего мужчины или женщины (в зависимости от пола ребенка).
ИДЕО (IDEO);приставка, обозначающая: 1. Разум или умственную деятельность. 2. Наличие идей.
ИДЕОМОТОРНЫЙ (IDEOMOTOR);данный термин применяется для описания или по отношению к двигательной активности, которая возникает в результате появления у человека какой-либо идеи. Идеомоторная апраксия (ideomotor apraxia) характеризует неспособность человека отображать в действительности модель каког-олибо сложного поведения.
ИДИО (IDIO);приставка, обозначающая какую-либо специфическую особенность, присущую только человеку.
ЙОД (IODINE);"химический элемент, небольшое количество которого необходимо для нормального роста и развития организма. Организм взрослого человека содержит примерно 30 мг йода, большая часть которого находится в щитовидной железе: наличие йода в щитовидной железе необходимо для синтеза ею тиреоидных гормонов. Дефицит йода в организме человека приводит к образованию у него зоба. Ежедневная норма потребления йода взрослыми людьми должна составлять 150 мкг; в большом количестве этот элемент содержится в морских продуктах и овощах, выращенных в обогащенной йодом почве, а также в столовой соли, содержащей йодные добавки. Радиоактивные изотопы йода (обычно йод-131), являющиеся рентгеноконтрастным веществом, применяются для диагностики и лечения различных заболеваний щитовидной железы. Кроме того, йод применяется в качестве антисептика."
ЙОДИЗМ (IODISM);"отравление йодом. Основными симптомами отравления являются характерное окрашивание полости рта и запах изо рта во время дыхания. Рвотные массы обычно имеют желтоватый или синеватый оттенок. Человек ощущает боль и жжение в горле, его мучает сильная жажда; кроме того, у него наблюдаются понос, головокружение, слабость и судороги. В этом случае больному необходимо как можно быстрее дать выпить растворенные в воде крахмал или муку, а также сделать промывание желудка раствором тиосульфата натрия."
ЙОДИПАМИД (IODIPAMIDE);рентгеноконтрастное йодосодержащее соединение, используемое в качестве контрастного вещества в рентгенографии.
КАВАСАКИ СИНДРОМ;- узелковый периартериит - коллагеноз - заболевание соединительной ткани, характеризующийся сочетанным поражением кожи, слизистых оболочек и лимфоузлов.
КАВЕРНА;- полость в органе, образующаяся в результате омертвения ткани с разжижением и отторжением некротических масс. Наиболее часто встерчается в легких при туберкулезе. Наличие каверны опасно дальнейшим распространением процесса в легких и кровотечением.
КАВЕРНИТ (CAVEMITIS);воспаление кавернозных тел пениса или клитора.
КАВЕРНОЗОГРАФИЯ (CAVERNOSOGRAPHY);рентгенологическое исследование полового члена (пениса), во время которого в его пещеристые (кавернозные) тела через небольшую винтообразную иглу вводится рентгеноконтрастное вещество. Получаемая рентгенограмма позволяет определить состояние кровеносных сосудов полового члена.
КАВЕРНОЗОМЕТРИЯ (CAVERNOSOMETRY);измерение давления внутри кавернозных тел полового члена (пениса) во время его инфузии. При этом регистрируются скорость введения жидкости, необходимая для стимуляции эрекции, а также поток жидкости, требующийся для поддержания эрекции. Данное исследование имеет важное значение у больных, страдающих недостаточной эрекцией и импотенцией.
КАДМИЙ (CADMIUM);"металл серебристого цвета; может вызвать серьезное раздражение легких, если человек вдыхает испарения расплавленного металла. Длительное воздействие кадмия на организм человека приводит к повреждению почек. Обозначение: Cd."
КАЕМКА ЩЕТОЧНАЯ ЭПИТЕЛИАЛЬНОЙ ТКАНИ (BRUSH BORDER);см. Микроворсинка.
КАЗЕИН (CASEIN);белок, содержащийся в коровьем молоке. Казеин выпадает в осадок из молока в кислой среде или осаждается под действием реннина - основного фермента, содержащегося в сыре и вызывающего створаживанис молока. Получается казеин сравнительно легко и является крайне полезной белковой добавкой, особенно для лечения больных с нарушениями питания.
КАЗЕОЗ (CASEATION);"некроз пораженной болезнью ткани, при котором она напоминает высушенную массу, похожую на сыр; вид дегенерации ткани, наблюдающейся при ее туберкулезном поражении."
КАК (CAC), КАКО (CACO);приставка, указывающая на наличие заболевания или порока развития. Например: какосмия (саcosmia) - субъективное ощущение неприятного запаха, отсутствующего в действительности.
ЛАБЕТАЛОЛ (LABETALOL);лекарственное вещество, в состав которого входят альфа- и бета-блокаторы (см. Вещество лекарственное симпатолитическое), иногда оно оказывается более эффективным при лечении повышенного кровяного давления, чем простые бета-блокаторы. Назначается внутрь или внугривенно. Возможные побочные эффекты: обморок во время изменения положения тела с горизонтального на вертикальное, покалывание кожи головы, а также затрудненные мочеиспускание и эякуляция. Торговые названия: лаброкол (Labrocol), трандат (Trandate).
ЛАБИАЛЬНЫЙ, ГУБНОЙ (LABIAL);1. Имеющий отношение к губе или губам. 2. Данный термин применяется по отношению к прилегающей к губам поверхности зубов.
ЛАБИО (LABIO);приставка, обозначающая губу (губы).
ЛАБИОМАНСИЯ (LABIOMANСУ);распознавание речи человека по губам.
ЛАБИОПЛАСТИКА (LABIOPLASTY), ХЕЙЛОПЛАСТИКА (CHEILOPLASTY);хирургическое восстановление губ после травмы или их деформации.
ЛАБИРИНТ (ВНУТРЕННЕГО УХА) (LABYRINTH (INNER EAR));система, состоящая из полостей и протоков, образующая органы слуха и равновесия. Перепончатый лабиринт (membranous labyrinth) представляет собой комплекс связанных между собой мембранных каналов и камер: полукружные каналы, маточка, мешочек (орган равновесия) и улитка (орган слуха). (См. рис.) Внутри лабиринт заполнен специальной жидкостью - эндолимфой (endolymph). Костный лабиринт (bony labyrinth) представляет собой систему костных каналов и камер, которая снаружи окружает перепончатый лабиринт. Он находится в пирамиде височной кости и также заполнен жидкостью (перилимфой (perilymph)).
ЛАБИРИНТ КОСТНЫЙ (BONY LABYRINTH);см. Лабиринт.
ЛАБИРИНТ ПЕРЕПОНЧАТЫЙ (MEMBRANOUS LABYRINTH);см. Лабиринт (внутреннего уха).
ЛАБИРИНТИТ;- воспаление лабиринта внутреннего уха.
ЛАБИРИНТИТ (LABYRINTHITIS), ОТИТ ВНУТРЕННИЙ (OTITIS INTEMD);воспаление лабиринта внутреннего уха. См. Отит.
МАГЕНТА (MAGENTA);см. Фуксин.
МАГНИЙ (MAGNESIUM);"металлический элемент, играющий важную роль для нормальной жизнедеятельности человеческого организма. Организм взрослого человека содержит примерно 25 г магния, который скапливается в основном в костях. Магний необходим для нормального функционирования мышечной и нервной ткани; он входит в состав кофактора около 90 содержащихся в организме человека ферментов. Особенно богаты магнием зеленые листья овощей. Обозначение: Mg."
МАГНИТНОРЕЗОНАНСНАЯ ТОМОГРАФИЯ;Магнитно-резонансная томография (МРТ) - метод, дающий подробное изображение различных структур организма. Он отличается от КТ тем, что пациент не подвергается рентгеновскому облучению. Сигналы, возникающие в теле в ответ на воздействие магнитного поля, превращаются компьютером в изображения различных структур организма, например лимфатических узлов. Этот метод позволяет измерять размер и выявлять любые изменения опухолевых масс или органов, таких, как печень и селезенка.
МАГНИЯ ГИДРОКСИД (MAGNESIUM HYDROXIDE);магниевая соль, по своему применению и оказываемому на организм человека воздействию сходная с карбонатом магния. Торговое название: магниевое молочко (Milk of Magnesia).
МАГНИЯ КАРБОНАТ (MAGNESIUM CARBONATE);"слабый антацид (противокислотное средство - ред.); применяется для уменьшения симптомов диспепсии, а также для снятия боли, вызванной язвой желудка или двенадцатиперстной кишки; иногда используется в качестве легкого слабительного средства. Обычно назначается вместе с другими лекарственными веществами в микстурах, порошках или таблетках."
МАГНИЯ СУЛЬФАТ (MAGNESIUM SULPHATE);"соль магния; применяется в микстурах или клизмах для лечения запора (см. Средство слабительное). Иногда инъекции сульфата магния используются для устранения дефицита этого элемента в организме человека."
МАГНИЯ ТРИСИЛИКАТ (MAGNESIUM TRISILICATE);"соединение магния, обладающее антацидными и абсорбирующими свойствами; используется для лечения пептических язв и других нарушений процесса пищеварения."
МАДАРОЗ (MADAROSIS);1. Врожденное недоразвитие ресниц и бровей (иногда может наблюдаться их полное отсутствие). 2. Выпадение ресниц, вызванное хроническим блефаритом.
МАДОПАР (MADOPAR);см. Бенсеразид.
МАДУРОМИКОЗ (MADUROMYCOSIS);см. Стопа мадурская.
НАБИЛОН (NABILONE);"лекарственное вещество - синтетический каннабиноид; применяется для устранения сильной тошноты и рвоты, особенно вызванных приемом противоопухолевых лекарственных средств. Назначается внутрь; считается, что оно действует на опиумные рецепторы нервной системы. Торговое название: цесамет (Cesamet)."
НАГНОЕНИЕ (PYOSIS);образование и выделение гноя.
НАГНОЕНИЕ (SUPPURATION);образование гноя.
НАГРУЗКА ФИЗИЧЕСКАЯ, УПРАЖНЕНИЕ (EXERCISE);"физическая активность, приводящая к возникновению напряжения, целью которого является поддержание хорошей физической формы и нормального состояния тела или исправление какого-либо физического недостатка. Упражнения могут выполняться активно (самим человеком) или пассивно (инструктором, проводящим занятия лечебной гимнастикой). Целью аэробики (aerobic exercises) (в противоположность изометрической физической нагрузке) является увеличение потребления кислорода человеком (аналогично тому, как это происходит во время занятий бегом) и улучшение функции легких и сердечно-сосудистой системы. При изотонической физической нагрузке (isotonic exercises) происходит сокращение мышц, в результате которого возникает движение, однако прикладываемые в этом случае усилия остаются неизменными; это способствует улучшению подвижности суставов и увеличивает силу мышц."
НАД (NAD), НИКОТИНАМИДАДЕНИНДИНУКЛЕОТИД (NICOTINAMIDE ADENINE DINUCLEOTIDE);"кофермент, действующий как акцептор водорода в окислительновосстановительных реакциях в цели переноса электронов при клеточном дыхании. НАД и тесно связанный с ним кофермент НАДФ (никотинамидадсниндинуклеотидфосфат (NADP, nicotinamide adenine dinucleotide phosphate) образуются из никотиновой кислоты; их действие ослабляется благодаря действию соответственно НАДН и НАДФН."
НАДБРОВНЫЙ (SUPERCILIARY);относящийся к брови или ее области.
НАДГЛАЗНИЧНЫЙ, СУПРАОРБИТАЛЬНЫЙ (SUPRAORBITAL);расположенный над глазницей или связанный с ней.
НАДГОРТАННИК (EPIGLOTTIS);тонкий листовидный эластический хрящ гортани, покрытый слизистой оболочкой и располагающийся сразу же за корнем языка. Закрывает вход в гортань во время акта глотания.
НАДКОЛЕННИК (PATELLA);сесамовидная кость, которая участвует в образовании коленного сустава и располагается в толще сухожилия четырехглавой мышцы бедра, которое как бы перекидывается через надколенник и идет дальше в виде связки надколенника. См. также Кость сесамовидная.
НАДКОСТНИЦА (PERIOSTEUM);"плотная соединительнотканная пластинка, которая покрывает всю поверхность кости, за исключением ее суставных концов. Наружный слой надкостницы волокнистый, фиброзный; является чрезвычайно плотным и содержит большое количество кровеносных и лимфатических сосудов, а также нервов. Ее внутренний слой остеогенный, менее плотный; он содержит большое количество остеобластов и мало кровеносных сосудов и участвует в образовании молодой костной ткани. Посредством надкостницы к кости прикрепляются окружающие ее мышцы, сухожилия и связки."
ОБЕСКРОВЛИВАТЬ (EXSANGUINATE);"лишать организм крови; например, это может произойти в результате несчастного случая, вызвавшего сильное кровотечение или - очень редко - вследствие неостановимого кровотечения, открывшегося во время хирургической операции. - Кровопускание (exsanguination)."
ОБЛАСТЬ КОРЫ ГОЛОВНОГО МОЗГА ДВИГАТЕЛЬНАЯ (MOTOR CORTEX);"участок коры головного мозга, который отвечает за инициацию нервных импульсов, сопровождающих самопроизвольные движения скелетных мышц человека (находится в коре предцентральной извилины и парацентральной дольки). Существует возможность построения карты, на которой присутствуют все участки коры головного мозга; с помощью этой карты можно легко установить, какие ее участки отвечают за деятельность той или иной части тела человека. Так, например, двигательная область коры левого полушария мозга отвечает за движение мышц правой половины тела."
ОБЛАСТЬ НАДЧРЕВНАЯ, ЭПИГАСТРИЙ (EPIGASTRIUM);верхняя срединная область живота. - Эпигастральный (epigastric).
ОБЛАСТЬ ПОДРЕБЕРНАЯ (HYPOCHONDRIUM);верхний боковой участок брюшной полости, расположенный под нижними ребрами. - Подреберный (hypochondriac) .
ОБЛАСТЬ ПОЛОВАЯ (PUDENDUM, МНОЖ. PUDENDA);наружные половые органы, особенно у женщин (см. Вульва). - Относящийся к наружным половым органам (pudendal).
ОБЛАТКА (CACHET);плоская капсула, содержащая неприятное на вкус лекарственное вещество. Облатка целиком проглатывается больным во время приема лекарства.
ОБЛАТКА, КАПСУЛА (WAFER);"тонкая оболочка, изготавливаемая из увлажненной пудры; ранее использовалась для помещения в нее лекарственных порошков, предназначенных для приема внутрь."
ОБЛАЧКО РОГОВИЦЫ (NEBULA);небольшое помутнение роговицы глаза, остающееся после заживления язвы роговицы.
ОБЛЕГЧЕНИЕ (FACILITATION);"(в неврологии, физиологии ред.) явление, возникающее при получении нейроном импульсов, прошедших ряд различных синапсов, но недостаточных по отдельности для образования потенциала действия; только их совместное действие может привести к некоторой деполяризации мембраны. В таком облегченном состоянии любая небольшая дополнительная деполяризация может оказаться достаточной для возникновения импульса в клетке."
ОБЛЕГЧЕНИЕ (LIGHTENING);чувство, испытываемое многими женщинами (обычно после 36-й недели беременности и главным образом теми, у кого эта беременность первая), когда предлежащая часть плода опускается ко входу в малый таз. В результате уменьшается давление на диафрагму, и женщина испытывает заметное облегчение дыхания. Для сравнения: Сгибание.
ПАЗУХА ВЕРХНЕЧЕЛЮСТНАЯ, ПАЗУХА ГАЙМОРОВА (MAXILLARY SINUS), ПОЛОСТЬ ГАЙМОРОВА (MAXILLARY ANTRUM);см. Пазухи носа придаточные.
ПАЗУХА ЛОБНАЯ (FRONTAL SINUS);см. Пазухи носа придаточные.
ПАЗУХИ НОСА ПРИДАТОЧНЫЕ (PARANASAL SINUSES);"заполненные воздухом пространства, расположенные в некоторых костях черепа, которые изнутри выстланы слизистой оболочкой; их названия соответствуют тем костям, внутри которых они расположены. Эти пространства открываются в носовую полость через специальные отверстия. К придаточным пазухам носа относятся парные лобные (frontal sinuses) и верхнечелюстные пазухи (maxillary sinuses), решетчатый лабиринт (ethmoid sinuses) (множество заполненных воздухом решетчатых ячеек) и клиновидная пазуха (sphenoid sinus)."
ПАЛАТКА (TENT);"навес из какого-либо материала (чаще всего из прозрачного пластика) над кроватью пациента, используемый в различных вариантах ингаляционной терапии. Кислородная палатка (oxygen tent) является малоэффективной по сравнению с кислородной маской или интраназальным введением кислорода; поэтому два последние вида оксигенотерапии используются значительно чаще."
ПАЛАТКА КИСЛОРОДНАЯ (OXYGEN LENT);см. Палатка.
ПАЛАТО (PALATO);приставка, обозначающая: 1. Небо. 2. Небную кость.
ПАЛАТОПЛАСТИКА (PALATOPLASLY);пластическая операция на небе, выполняемая обычно для устранения расщелины неба или других врожденных дефектов развития.
ПАЛАТОРАФИЯ (PALATORRHAPHY);см. Стафилорафия.
ПАЛЕО (PALAEO);приставка, обозначающая: 1. Древность. 2. Примитивное развитие чего-либо.
ПАЛЕОПАТОЛОГИЯ (PALAEOPATHOLOGY);наука, изучающая болезни человека и животных в доисторические времена с помощью исследования их костей и других ископаемых останков. Благодаря исследованию образцов костей неандертальца было установлено, что такое заболевание, как спинальный артрит, существовало уже, по крайней мере, 50 000 лет назад.
РАБДОМИОМА (RHABDOMYOТА);редкая доброкачественная опухоль скелетных мышц или сердечной мышцы.
РАБДОМИОСАРКОМА;"- злокачественная опухоль, происходящая из скелетной (поперечно-полосатой) мышцы; у взрослых характеризуется слабо дифференцированными продолговатыми или округлыми, причудливой формы клетками с большими ярко окраженными ядрами."
РАБДОМИОСАРКОМА (RHABDOMYOSARCOMA);"злокачественная опухоль, развивающаяся из поперечно-полосатых мышц. Плеоморфная рабдомиосаркома (pleomorphic rhabdomyosarcoma) может развиться у человека в позднем зрелом возрасте; обычно эта опухоль поражает мышцы конечностей. Эмбриональные рабдомиосаркомы (embryonal rhabdomyosarcomas) могут развиваться у младенцев, детей и молодых людей; эти опухоли классифицируются на кистевидные (botryoid), которые обычно развиваются во влагалище, мочевом пузыре, ухе и т.д.; эмбриональные (embryonal), чаще всего развивающиеся на голове и шее, особенно вблизи глазницы; и альвеолярные (alveolar), развивающиеся в основании большого пальца. Плеоморфные и альвеолярные раб домиосаркомы плохо поддаются лечению; кистевидные рабдомиосаркомы лечатся комбинированно: лучевая терапия, хирургическое удаление и назначение больному специальных лекарственных веществ. Эмбриональная рабдомиосаркома, если ее лечение начато на ранней стадии, обычно излечивается с помощью лучевой терапии и специальных лекарственных веществ (включая винкристин, актиномицин D и циклофосфамид)."
РАБОТНИК СОЦИАЛЬНОЙ СЛУЖБЫ (SOCIAL WORKER);см. Службы социальные.
РАВНОВЕСИЕ КИСЛОТНОЩЕЛОЧНОЕ (ACIDBASE BALANCE);баланс между содержанием в крови угольной кислоты и бикарбоната НСОЗ. Соотношение между ними должно быть всегда постоянным и составлять 1:20, чтобы обеспечивать нормальное кислотнощелочное равновесие в плазме крови, выражаемое через концентрацию водородных ионов рН (рН 7,4). Любое изменение этого соотношения приводит к нарушению кислотно-щелочного равновесия в плазме крови и тканях организма, вызывая ацидоз или алкалоз. Легкие и почки играют важную роль в регуляции кислотно-щелочного равновесия в организме человека.
РАД (RAD);прежняя единица измерения поглощенной дозы ионизирующего излучения. В настоящее время заменена на Грэй.
РАДИЙ (RADIUM);радиоактивный металлический элемент, эмиттирующий альфа- и гамма-излучение во время его распада и превращения в другие элементы. Получаемое гамма-излучение применяется в радиотерапии для лечения некоторых видов рака. Так как во время реакции распада радия образуется радиоактивный газ радон, то данный металлический элемент должен обязательно находиться в специальном газонепроницаемом контейнере во время его использования. Для хранения радия применяются специальные свинцовые контейнеры, создающие защиту от имеющегося радиоактивного излучения. Обозначение: Ra. См. также Торий-X.
РАДИКУЛИТ;"- воспаление корешков спинномозговых нервов; характеризуется болями и нарушениями чувствительности по корешковому типу, реже периферическими парезами."
РАДИКУЛИТ (RADICULILIS);воспаление корешков спинномозговых нервов. См. Полирадикулоневрит.
РАДИО (RADIO);приставка, обозначающая: 1. Излучение. 2. Радиоактивные вещества.
САГИТТАЛЬНЫЙ (SAGITTAL);данный термин применяется для описания дорсовентральной плоскости (плоскости, проходящей в направлении от спины к животу), которая проходит сверху вниз вдоль срединной оси симметрии тела, разделяя его на правую и левую половины (см. рис.).
САДИЗМ (SADISM);половое возбуждение, возникающее во время причинения боли партнеру или во время мысленного представления того, как это происходит. См. также Мазохизм, Извращение половое. - Садист (sadist). - Садистский (sadistic).
САКРАЛИЗАЦИЯ (SACRALIT.ATION);аномальное слияние пятого поясничного позвонка с крестцом.
САКРО, КРЕСТЦОВО (SACRO);"приставка, обозначающая крестец. Например: крестцово-копчиковый (sacrococcygeal) - относящийся к крестцу и копчику; сакродиния (sacrodynia) - боль в области крестца; крестцово-подвздошный (sacroiliac) - относящийся к крестцу и подвздошной кости."
САКРОИЛЕИТ (SACROILIITIS);воспаление крестцово-подвздошного сустава. Если воспалительный процесс затрагивает оба сустава, то это является характерным симптомом анкилозирующего спондилита или связанных с ним ревматических заболеваний, включая синдром Рейтера и псориатический артрит. Сильные боли в пояснице и тугоподвижность этой области могут быть уменьшены, если больной соблюдает постельный режим и принимает противовоспалительные анальгетики.
САЛИВАЦИЯ (SALIVATION);"секреция слюны слюнными железами, расположенными в полости рта; этот процесс усиливается в ответ на жевательные движения, а также под воздействием вкуса, запаха и вида пищи или мыслей о ней. Небольшое, но постоянное слюноотделение постоянно сохраняется в полости рта, обеспечивая ее очищение даже при отсутствии во рту пищи. См. также Птиализм."
САЛИВОГРАФИЯ (PTYALOGRAPHY);см. Сиалография.
САЛИЦИЛАТ МЕТИЛОВЫЙ (METHYL SALICYLATE);"масло, получаемое из гаултерии: жидкость, обладающая оттягивающими и аналгетическими свойствами; применяется наружно на поверхность кожи для снятия боли при люмбаго, ишиасе и ревматизме."
САЛО КОЖНОЕ, СЕКРЕТ САЛЬНЫХ ЖЕЛЕЗ (SEBUM);"маслянистое вещество, секретируемое сальными железами; кожное сало выходит на поверхность кожи через небольшие выводные протоки, открывающиеся в волосяные фолликулы. Кожное сало покрывает кожу тонкой пленкой жира, которая препятствует быстрому испарению влаги с ее поверхности; кроме того, эта пленка обладает антибактериальным действием."
САЛЬБУТАМОЛ (SALBUTAMOL);"лекарственное вещество, стимулирующее деятельность бета-адренергических рецепторов (см. Средство симпатомиметическое); применяется в качестве бронхолитического средства при лечении астмы, хронического бронзита и эмфиземы. Может назначаться внутрь, в инъекциях или в ингаляциях; возможные побочные эффекты: головокружение, тремор и учащение сердцебиения, особенно после приема больших доз этого препарата. Торговое название: вентолин (Ventolin).САЛЬМЕТЕРОЛ (salmeterol) - симпатомиметическое бронхолитическое лекарственное вещество; применяется для лечения сильных приступов астмы. Назначается в виде аэрозольных ингаляций в строго фиксированной дозировке. Возможные побочные эффекты: парадоксальное ухудшение состояния больного и уменьшение содержания ионов калия в крови. Торговое название: серевент (Serevent)."
ТАБАК (TOBACCO);сушеные листья растения Nicotiana tabacum или аналогичных ему видов, которые используются для курения и вдыхания. В состав табака входит стимулирующий активность организма, но ядовитый алкалоид никотин, который во время курения попадает в кровоток. В процессе курения также выделяются летучие дегтеобразные вещества, часть которых являются карциногенными (см. Карциноген).
ТАБЛЕТКА (TABLET);"(в фармации) небольшой твердый диск, в состав которого входит одно или несколько лекарственных веществ; таблетки производятся путем компрессионного сжатия лекарственных веществ, измельченных до состояния порошка. Обычно таблетки принимаются внутрь, однако иногда они могут вводиться в прямую кишку или во влагалище (см. Суппозиторий)."
ТАБЛЕТКА, ПИЛЮЛЯ (PILL);"1. Небольшой шарик, содержащий одно или несколько лекарственных веществ в твердом виде; эти шарики могут быть различного размера, иметь различную форму и цвет. Иногда сверху пилюли покрываются сахарной глазурью. Принимаются они обычно внутрь. 2. См. Контрацептив оральный."
ТАБЛИЦА СНЕЛЛЕНА (SNELLEN CHART);"наиболее распространенная таблица, применяемая для проверки остроты зрения. В этой таблице содержатся строки прописных букв, называемых оптотипами (test types); размер букв уменьшается от строки к строке в направлении сверху вниз. Самые крупные буквы расположены в верхней строке таблицы; они имеют такой размер, чтобы их легко мог прочитать человек с нормальным зрением с расстояния 60 метров. Человек с нормальным зрением может легко прочитать и расположенные ниже строчки букв с расстояний 36, 24, 18, 12, 9, 6 и 5 метров соответственно. Человек, у которого проверяется зрение, садится на расстоянии 6 метров от таблицы и закрывает один глаз, в то время как другим начинает читать буквы из этой таблицы. Если он может прочитать только строки, расположенные выше строки, которую человек с нормальным зрением легко читает с расстояния 12 метров, то острота его зрения выражается как 6/12. Люди с нормальным зрением могут прочитать одну из нижних строк букв с расстояния 6 метров, т.е. нормальная острота зрения считается 6/6; многие люди могут прочесть также и строку, которую хорошо видящий человек читает с расстояния 5 метров. Более мелкие варианты этой таблицы, в основе создания которых лежит тот же самый принцип, что использован при разработке ее обычного варианта, могут применяться для проверки ближнего зрения человека."
ТАБОПАРАЛИЧ (TABOPARESIS);"осложнение, возникающее на поздней стадии развития сифилиса в результате поражения нервной системы; характеризуется наличием у больного признаков сухотки спинного мозга и общего паралича душевнобольных."
ТАГАМЕТ (TAGAMET);см. Циметидин.
ТАЗ (PELVIS, МНОЖ. PELVES);1. Костная структура, в состав которой входят тазовые кости, крестец и копчик, которые образуют таз (см. рис.). Тазовые кости соединяются с крестцом, образуя жесткую структуру, которая защищает органы, расположенные в нижней части брюшной полости, и является местом прикрепления костей и мышц нижних конечностей. 2. Нижняя часть живота. 3. Чашевидная полость, расположенная в нижней части туловища внутри таза. - Тазовый (pelvic).
ТАКСИС (TAXIS);(в хирургии) вправление смещенных костей, органов или каких-либо других частей тела только с помощью манипуляций (без помощи механических приспособлений).
ТАКСОЛ (TAXOL);"противоопухолевое лекарственное вещество; ранее его получали только из коры тихоокеанского тисового дерева, однако в настоящее время научились получать его синтетически; кроме того, оно может быть получено и биотехнологическими методами. Таксол взаимодействует с тубулином - белком, который образует микротрубочки, участвующие в процессе клеточного деления, и контролирует развитие рака яичников, молочной железы и легких. Обнадеживающими являются результаты клинических испытаний применения таксола для лечения рака яичников."
ТАКТИЛЬНЫЙ (TACTILE);относящийся к чувству прикосновения или вызванный прикосновением.
У ПОСЛЕДНЕЙ ЧЕРТЫ (IN EXTREMIS);(латинск.) на краю смерти.
УАБАИН (OUABAIN);"лекарственное вещество, стимулирующее деятельность сердца; применяется для лечения сердечной недостаточности и других заболеваний сердца. Назначается внутрь или в инъекциях; действие и побочные эффекты уабаина аналогичны действию и побочным эффектам наперстянки."
УБИХИНОН;кофермент в цепи переноса электронов в митохондриях клеток (см. Цепь передачи электронов).
УВЕИТ (UVEITIS);"воспаление любого участка увеального тракта глаза; воспаление радужки называется иритом (iritis), воспаление ресничного тела - цикдитом (cyclitis), а воспаление собственно сосудистой оболочки глаза -хориоидитом (choroiditis). При одновременном воспалении радужки и ресничного тела заболевание называется передним увеитом (anterior uveitis); если же воспаление ограничивается только собственно сосудистой обо лочкой глаза, то болезнь называется задним увеитом (posterior uveitis). Чаще всего причины развития переднего и заднего увеита бывают различными; передний увеит (в отличие от хориоидита) протекает намного болезненнее. Все виды увеита могут привести к нарушению зрения; это заболевание считается одной из основных причин развития у людей слепоты. В большинстве случаев причиной болезни является воспаление, развивающееся непосредственно в области увеального тракта, однако иногда увеит может являться осложнением какого-либо заболевания роговицы или склеры глаза. Для лечения увеита больному назначаются противовоспалительные лекарственные препараты в сочетании со средствами, уменьшающими неприятные ощущения и дискомфорт; кроме того, если увсит вызван какой-либо специфической причиной, назначаются специальные лекарственные препараты в глазных каплях, в инъекциях или таблетках, часто в сочетании с другими препаратами."
УВЕОПАРОТИТ (UVEOPARVTITIS) ЛИХОРАДКА УВЕОПАРОТИДНАЯ (UVEOPAROTIDFEVER);"заболевание, характеризующееся воспалением радужной оболочки, ресничного тела и сосудистой оболочки глаза (увеального тракта) и опуханием околоушной слюнной железы; увеопаротит - одно из проявлений такого хронического заболевания, как саркоидоз."
УВЛАЖНИТЕЛЬ (HUMECTANT);1. Вещество, которое используется для увлажнения. 2. Вызывающий увлажнение.
УВУЛИТ (UVULITIS);воспаление небного язычка.
УВУЛОПАЛАТОФАРИНГОПЛАСТИКА (UVULOPALATOPHARYNGOPLASTY (UPPP));хирургическая операция, заключающаяся в удалении небного язычка, части мягкого неба и миндалин для лечения храпа.
УГЛЕВОД (CARBOHYDRATE);любой представитель многочисленной группы соединений, в состав которых входят углерод, водород и кислород и которые имеют общую формулу Сх (Н20)у. Углеводы (моносахариды, олигосахариды, полисахариды) являются важным источником энергии: они вырабатываются растениями и попадают в организм животных и человека с пищей, являясь одной из трех главных составных частей продуктов питания (см. также Жиры, Белки). Все углеводы в конечном итоге расщепляются в организме до простого сахара глюкозы, которая затем принимает участие в метаболических процессах, протекающих с выделением энергии. (Глюкоза служит главным источником энергии во многих клетках - ред.) Избыточное ко личество углеводов, не требующееся организму для немедленного использования, накапливается в печени и мышцах в виде гликогена. Растительные углеводы являются важным строительным материалом (например, целлюлоза), а также депо готовых продуктов (в основном в виде крахмала). См. также Дисахарид, Моносахарид, Полисахарид.
УГЛЕРОД ЧЕТЫРЕХХЛОРИСТЫЙ (CARBON TETRACHLORIDE);едкая летучая жидкость, применяемая в виде сухого очистителя. При вдыхании ее паров или проглатывании приводит к сильному поражению сердца, печени и почек (например, у больного может развиться цирроз печени или нефроз почек), воздействует на зрительный нерв и на некоторые другие нервы в теле человека. Лечение отравлений четыреххлористым углеродом проводится с применением кислорода. Химическая формула: СС14.
ФАВИЗМ (FAVISM);наследуемый дефект фермента глюкозо-6-фосфат дегидрогсназы, связанный с повышением чувствительности эритроцитов крови к химическим веществам, содержащимся в бобовых. В результате происходит разрушение эритроцитов (гсмолиз), которое может привести к развитию сильной анемии, требующей применения гемотрансфузии. Фавизм характерен для стран Средиземноморья и Ирана. См. также Дефицит глюкозы-6-фосфат дегидрогеназы.
ФАВУС (FAVUS);"разновидность дерматомикоза кожи головы; вызывается грибками вида Trichophyton schoenlcni. Фавус в Европе встречается сравнительно редко; он проявляется образованием на коже головы желтых корочек, по своему внешнему виду напоминающих медовые соты, в состав которых входят нити грибка и чешуйки ороговевшей кожи."
ФАГ (PHAG), ФАГО (PHAGO);приставка, обозначающая: 1. Питание. 2. Фагоциты.
ФАГ (PHAGE);см. Бактериофаг.
ФАГИЯ (PHAPA);суффикс, обозначающий состояние, связанное с приемом пищи.
ФАГОЦИТ;"- клетка, поглощающая микроорганизмы, чужеродные частицы, другие клетки; фагоциты подразделяют на два класа: микрофаги и макрофаги."
ФАГОЦИТ (PHAGOCYTE);клетка, способная поглощать бактерии, простейших, другие клетки и их остатки, а также различные мелкие частицы. К фагоцитам относятся лейкоциты и макрофаги, которые играют большую роль в функционировании защитных механизмов тела. - Фагоцитарный (phagocytic).
ФАГОЦИТОЗ;- процесс поглощения и переваривания фагоцитами микроорганизмов, других клеток, фрагментов некротизированной ткани, чужеродных частиц.
ФАГОЦИТОЗ (INGESTION);процесс захвата фагоцитами различных частиц, например, бактерий.
ФАГОЦИТОЗ (PHAGOCYTOSIS);поглощение бактерий и других чужеродных частиц специальными клетками (см. Фагоцит). Для сравнения: Пиноцитоз.
ХАБИТУС (HABITUS);телосложение человека, особенно когда оно связано с тенденцией к развитию какого-либо заболевания.
ХАЛАЗИОН (CHALAYON), КИСТА МЕЙБОМИЕВА (MEIBOMIAN CYST);"киста сальной железы хряща глазного века, вызванная хроническим воспалением в результате закупорки ее протока. Содержимое железы превращается в желеподобную массу; кроме того, происходит нарушение развития века. У человека может также развиться вторичная инфекция, проявляющаяся болезненностью века и гнойными выделениями из глаза. В процессе лечения назначаются мази, в состав которых входят антибиотики, и проводится кюретаж железы."
ХАНТАВИРУС (HANTAVIRUS);"представитель группы вирусов, поражающих крыс, мышей и полевок;может привести к развитию заболевания у человека, если выделения или экскременты этих грызунов попадают в его. дыхательные пути или пищеварительный тракт. Первые сообщения об этом заболевании поступили из района, расположенного на берегах реки Гантаны, которая разделяет Северную и Южную Корею; после этого данные о наличии инфекционных заболеваний, вызванных хантавирусами, были получены также из Японии, Китая, России, ряда европейских стран, а также из США. Заболевание имеет различные симптомы, в зависимости от штамма попавшего в организм вируса. У многих людей болезнь протекает аналогично гриппу, однако в тя- желых случаях может сильно повыситься температура, появиться головная боль, тошнота и рвота, на коже образуются петехии и развивается шок; также может наблюдаться поражение почек, причем в случае быстро развивающегося поражения почек может развиться почечная недостаточность. Особенно вирулентный штамм вируса, выявленный в США, поражает легкие, вызывая быстро прогрессирующую дыхательную недостаточность. Смертность в тяжелых случаях заболевания может быть достаточно высокой."
ХВОСТ (CAUDA);хвостообразная анатомическая структура. Например, конский хвост (cauda equina) представляет пучок поясничных, крестцовых и копчиковых корешков спинномозговых нервов, проходящий практически вертикально в поясничном и крестцовом отделах позвоночника.
ХЕЙЛ (CHEIL), ХЕЙЛО (CHEILO);приставка, указывающая на отношение к губе (губам). Например: хсйлопластика (cheiloplasty) - пластическая операция по восстановлению губ.
ХЕЙЛИТ (CHEILITIS);"воспаление красной каймы губ. При ангулярном хейлите (angular cheilitis) обычно поражаются углы губ; кроме того, часто наблюдается кандидоз полости рта."
ХЕЙЛОЗ (CFIEILOSIS);поражение губ, выражающееся в их опухании, покраснении и появлении на них трещин. Является характерным симптомом большинства нарушений питания, включая арибофлавиноз (недостаток витамина В2 в организме человека).
ХЕЙЛОПЛАСТИКА (CHEILOPLASTY);см. Лабиопластика.
ХЕЙЛОСХИЗИС (CHEILOSCHISIS);"см. ````Губа заячья ````."
ХЕЙР (CHEIR), ХЕЙРО (CHEIRO);"приставка, указывающая на отношение к кисти руки (кистям рук). Например: хейралгия (cheiralgia) - боль в кистях рук;хейропластика (cheiroplasty) - пластическая операция по восстановлению кистей рук."
ЦВИТТЕРИОН (ZWITTERION);ион, несущий одновременно положительный и отрицательный заряды. Производить цвиттерионы могут, например, аминокислоты.
ЦЕЗИЙ137 (CAESIUM137);искусственный радиоактивный изотоп цезия. Излучение, создаваемое цезием-137, используется для нужд рентгенотерапии. Обозначение: 137Cs. См. также Дистанционная кюри-терапия.
ЦЕКОПЕКСИЯ;- хирургическая операция - фиксация чрезмерно подвижной слепой кишки к париетальной брюшине.
ЦЕКОСТОМИЯ (CAECOSTOMY);"хирургическая операция, при которой слепая кишка выводится через брюшную стенку и открывается для дренирования или устранения давления на кишечник; обычно производится в случае непроходимости или травмы толстой кишки."
ЦЕЛЕ (CELE, COELE);суффикс, указывающий на опухание чего-либо, грыжу или опухоль. Например: гастроцеле (gastrocele) - грыжа желудка.
ЦЕЛЕ, ЦЕЛЬ (COELE);суффикс, указывающий на: 1. Отношение к полости тела. Например: бластоцель (blastocoele) - полость бластоцисты. 2. См. -Целе (-cele).
ЦЕЛЕНАПРАВЛЕННАЯ МОЛЕКУЛЯРНАЯ ТЕРАПИЯ;Целенаправленная молекулярная терапия - использование препаратов, которые действуют на определенные молекулы клетки, вызывающие нарушение ее функций и возникновение болезни. В настоящее время такие препараты используют в основном для лечения определенных видов рака (см. Ингибиторы тирозинкиназы).
ЦЕЛИ (COELI, COELIO);приставка, указывающая на связь с брюшной полостью. Например: целиэктазия (coeliectasia) - аномальное растяжение брюшной полости.
ЦЕЛИАКЦИЯ ГЛЮТЕНЧУВСТВИТЕЛЬНАЯ;(токсико-аллергическая диспепсия) - болезнь, обусловленная чувствительностью к глютену (белок семян пшеницы) или к недостаточность глютена. Для заболевания характерна атрофия (уменьшения количества клеток, замещение ткани нефункционирующей) слизистой оболочки верхних отделов тонкого кишечника. Основными проявлениями являются: понос, выделение вместе с калом жиров, невсасывание веществ из желудочно-кишечного тракта, похудение, недостаточность витаминов.
ЦЕЛИОСКОПИЯ (COELIOSCOPY);введение эндоскопа через разрез в брюшной стенке для обследования кишечника и других внутренних органов, расположенных в брюшной полости.
ЧАСТИЦА КРОВИ (BLOOD CORPUSCLE);см. Клетка крови.
ЧАСТОТА МОЧЕИСПУСКАНИЯ (FREQUENCY OF URINE);частота выделения мочи, которая обычно является показателем наличия у человека мочеполовых расстройств и заболеваний, которые сопровождаются полиурией.
ЧАСТОТА РАСПРЕДЕЛЕНИЯ (FREQUENCY DISTRIBUTION);"(в статистике) представление характеристик (переменных) некоторых физиологических параметров людей (например, их роста, веса или кровяного давления) в виде таблицы или гистограммы, так чтобы отразить их количественное отношение невзирая на проведение различных измерений. При нормальном (normal) или Гауссовом распределении (Gaussian distribution) число значений и их диапазон с каждой стороны от основного значения обладают симметрией; при асимметричном распределении (skewed distribution) (например, Пуассоновском (Poisson)) полученные значения группируются с одной стороны от основного значения и растянуты на значительное расстояние с другой стороны от него."
ЧАСТЬ МОЗЖЕЧКА СТАРАЯ, ПАЛЕОЦЕРЕБЕЛЛУМ (PALAEOCEREBELLUM);включает область червя в передней доле мозжечка, пирамиды, язычок червя и околоклочок. В эволюционных терминах это один из старых участков ромбовидного мозга, который начал развиваться у млекопитающих.
ЧАСТЬ ПАРАСИМПАТИЧЕСКАЯ НЕРВНОЙ СИСТЕМЫ (PARASYMPATHETIC NERVOUS SYSTEM);одна из двух частей вегетативной нервной системы, центры которой расположены в среднем, продолговатом мозге и мосту, а также в крестцовом отделе спинного мозга, откуда отходят волокна в составе III, VII, IX и Х пар черепных и II-IV крестцовых спинномозговых нервов (ред.). Они иннервируют кровеносные сосуды, железы и большинство внутренних органов. Деятельность парасимпатической части вегетативной нервной системы постоянно уравновешивается деятельностью симпатической части вегетативной нервной системы,выполняющей в организме противоположные функции.
ЧАСТЬ ПИЩЕВОДА АБДОМИНАЛЬНАЯ (EPICARDIA);часть пищевода (длиной примерно 2 см), которая расположена под диафрагмой.
ЧАХОТКА (PHTHISIS);прежнее название: 1. Любого заболевания, приводящего к истощению тканей. 2. Туберкулеза легких.
ЧАШИ КЛОЙБЕРА;- рентгенологический симптом острой кишечной непроходимости.
ЧАШКА (CATYX, МНОЖ. CALYCES);чашеобразная анатомическая структура, например, разветвления почечной лоханки. Моча попадает в мочеточник из почечной лоханки.
ЧАШКА ПЕТРИ (PETRI DISH);"плоская неглубокая круглая стеклянная или пластмассовая чашка, закрытая крышкой, напоминающей крышку коробочек для пилюль;применяется для хранения твердого агара или желатина; используется для выращивания бактерий на твердом агаре или желатине."
ШАГОМЕР (PEDOMETER);"небольшой портативный прибор для регистрации количества сделанных во время ходьбы шагов; зная это количество, можно приблизительно определить пройденное человеком расстояние. Шагомер обычно прикрепляется к ноге пациента или фиксируется на поясе."
ШАНКР (CHANCRE);болезненная язва, развивающаяся в месте проникновения инфекции в организм человека, например, на губах, половом члене, уретре или глазном веке. Появление шанкра является основным симптомом таких инфекционных заболеваний, как сонная болезнь и сифилис.
ШАНКР МЯГКИЙ (SOFT АОК), ШАНКРОИД (CHANCROID);заболевание, передающееся половым путем, вызываемое бактериями вида Haemophilus ducreyi и характеризующееся увеличением и изъязвлением паховых лимфатических узлов. Для лечения данного заболевания назначаются сульфаниламидные препараты.
ШАНКРОИД (CHANCROID);см. Шанкр мягкий.
ШАПОЧКА (CAP);любая структура, напоминающая защитное покрытие для головы. Дуоденальная шапочка (duodenal cap) - верхний сегмент двенадцатиперстной кишки, выявляемый на рентгенограмме после приема бария.
ШАПОЧКА КОЛЫБЕЛЬНАЯ (CRADLE CAP);"корочка из белых или желтых чешуек, образующая как бы шапочку на голове; нередко встречается у маленьких детей. Для лечения используется масло или специальный шампунь. Корочка обычно проходит в течение первого года жизни, однако она может быть предвестником развития у ребенка себорtйной экземы."
ШАР (GLOBUS);"сферическая или шарообразная структура; например, бледный шар (globus pallidus) является частью чечевицеобразного ядра головного мозга (см. Ганглии базальные)."
ШВАННОМА (SCHWANNOMA);см. Нейрофиброма.
ШЕВЕЛЕНИЕ (QUICKENING);первое движение плода в матке, которое ощущает будущая мать. Обычно шевеление плода начинает ощущаться после шестнадцати недель беременности, однако в некоторых случаях оно может возникать и немного раньше.
ШЕЙКА (CERVIX);"напоминающая шею часть какого-либо органа, особенно шейка матки (cervix uteri), выступающая во влагалище. Через нее проходит канал шейки матки, соединяющий полость матки с влагалищем; в канале обычно всегда присутствует слизь, вязкость которой меняется на протяжении менструального цикла. Шейка матки способна значительно расширяться во время родов."
ЩЕЛОЧНАЯ ФОСФАТАЗА ЛЕЙКОЦИТОВ;Щелочная фосфатаза лейкоцитов - фермент белых кровяных клеток, активность которого резко снижена у больных хроническим миелоидным лейкозом. Измерение активности этого фермента раньше использовали в качестве метода, который позволяет отличить увеличение количества белых кровяных клеток, вызванное другими причинами, от увеличения их количества, обусловленного наличием хронического миелоидного лейкоза. В первом случае активность этого фермента может быть нормальной или повышенной, тогда как у больных хроническим миелоидным лейкозом она снижена. В настоящее время, когда диагноз ХМЛ основан на обнаружении Ph-хромосомы или гена BCR/ABL, диагностическое значение щелочной фосфатазы минимально.
ЩЕЛЬ (RIMA);(в анатомии) - узкое пространство между двумя симметричными участками ткани. Например, голосовая щель (rima glottidis или glottis) представляет собой пространство между истинными голосовыми связками.
ЩЕЛЬ ГОЛОСОВАЯ (GLOTTIS);пространство между двумя голосовыми складками. Данный термин часто применяется непосредственно по отношению к самим голосовым складкам или к части гортани, в которой образуются звуки.
ЩЕЛЬ ЖАБЕРНАЯ (PHARYNGEAL CLEFT, BRANCHIAL CLEFT, VISCERAL CLEFT);"парная, разделенная на отдельные сегменты щель, расположенная с обеих сторон от переднего конца спинной струны эмбриона на ранней стадии его развития, которая соответствует жабрам рыбы. Как только эти щели полностью сформируются, они закрываются, образуя глоточные карманы; незакрытой остается только первая щель, которая превращается в наружный слуховой проход."
ЩЕЛЬ ЖАБЕРНАЯ (VISCERAL CLEFT);см. Щель жаберная (pharyngeal cleft).
ЩЕЧНЫЙ (BUCCAL);1. Относящийся к щеке. 2. Применяется для описания поверхности зуба, примыкающей к щеке.
ЩИПЦЫ ПУЛЕВЫЕ, ЩИПЦЫ МАТОЧНЫЕ (VOLSELLUM, VULSELLUM);хирургические щипцы с напоминающими клещи крючками на концах обеих лезвий.
ЩИТОВИДНОПОДЪЯЗЫЧНЫЙ (THYROHYOID);относящийся к щитовидному хрящу и подъязычной кости. Например, щитоподъязычная мембрана (thyrohyoid ligaments) соединяет подъязычную кость с щитовидным хрящом, а щитоподъязычная мышца (thyrohyoid muscle), сокращаясь, приподнимает гортань.
ЭБУРНЕАЦИЯ (EBUMATION);снашивание хряща на суставной поверхности кости, затрагивающее расположенную под ним кость. Эбурнеация является конечной стадией остеоартрита.
ЭВАГИНАЦИЯ (EVAGINATION);выпячивание какой-либо части или всего органа из-под окружающей его оболочки или выворот его внутренней поверхности.
ЭВАКУАТОР (EVACUATOR);устройство для удаления жидкости из какой-либо полости тела. В простейшем виде эвакуатор состоит из полого резинового баллончика, который с помощью клапанной системы крепится к трубке, вводимой в полость тела. Другой клапан вызывает опорожнение трубки. Эвакуаторы могут использоваться для опорождения мочевого пузыря от нежелательного содержимого во время различных операций (например, при удалении малой почечной чашки или при проведении трансуретральной простатэктомии).
ЭВЕНТРАЦИЯ;- выпадение внутренних органов из брюшной полости через дефект ее стенки.
ЭВЕНТРАЦИЯ (EVENLRATION);"1. Выпадение кишечника через дефект в брюшной стенке. 2. У диаф рагмы - аномальная элевация части диафрагмы вследствие ее врожденной слабости (но без образования грыжи); выявляется во время рентгенологического обследования."
ЭВЕРСИЯ (EVERSION);"выворачивание наружу; при эверсии шейки матки (eversion of the cervix) края шейки матки выворачиваются наружу после имевших место разрывов шейки матки во время"
ЭВИСЦЕРАЦИЯ (EVISCERATION);1. В хирургии - выведение какого-либо органа через хирургический разрез в ткани. 2. В офтальмологии - хирургическая операция, заключающаяся в удалении содержимого глазного яблока и оставлении одной пустой наружной оболочки глаза (склеры). Для сравнения: Энуклеация.
ЭВТАНАЗИЯ (EUTHANASIA);намеренное умерщвление неизлечимо больного человека с целью облегчения его страданий. При добровольной эвтаназии (voluntary euthanasia) больной сам принимает решение о том, чтобы ему помогли умереть. Это может достигаться с помощью активных мер (обычно путем назначения специальных лекарственных веществ) или путем пассивной эвтаназии (passive euthanasia) - преднамеренного отказа от лечения. При принудительной эвтаназии (compulsory euthanasia) общество или человек, воздействуя собственным авторитетом на другого человека, отдает ему приказание покончить с жизнью, например, младенца, который не может четко выразить свои желания. Не существует ни одной страны, в которой компульсорная эвтаназия была бы признана легально, однако во многих обществах одобряется добровольная эвтаназия.
ЭГО (EGO);(в психоанализе) часть психики, развивающаяся у человека на основании его опыта общения с внешним миром, в большинстве своем в результате соприкосновения с окружающей его реальностью. В терминах фрейдовской психологии эго считается посредником между ид (инстинктивным бессознательным разумом), супер-эго (моральной осознанностью) и окружающей реальностью.
ЭГОФОНИЯ (AEGOPHONY);см. Резонанс голоса.
ЯБЛОКО АДАМОВО (ADAM'S APPLE), ВЫСТУП ГОРТАНИ (LARYNGEAL PROMINENCE);выступ угла щитовидного хряща гортани.
ЯБЛОКО ГЛАЗНОЕ (EYEBALL);тело, имеющее неправильную сферическую форму, ограниченное склерой и расположенное в глазнице. Глазное яблоко тесно связано с различными вспомогательными органами (например, с веком, конъюнктивой и слезным аппаратом), а его движения осуществляются шестью глазодвигательными поперечнополосатыми мышцами.
ЯВНЫЙ (OVERT);"хорошо видимый или определяемый; термин применяется по отношению к заболеваниям, имеющим явные признаки и симптомы, в отличие от тех, которые могут незаметно протекать годами, несмотря на вызываемое ими значительное поражение организма. Инфекционные заболевания становятся явными только по окончании инкубационного периода."
ЯГОДИЦЫ (NATES);выпуклая часть тела, сформированная ягодичными мышцами, подкожной жировой клетчаткой и покрытая кожей. - Ягодичный (natal).
ЯД (POISON);"любое вещество, которое раздражает, повреждает или нарушает функции тканей организма. В больших дозах практически все вещества действуют на организм как яды; однако данный термин обычно применяется лишь по отношению к таким веществам, как мышьяк, соли цианистой кислоты и стрихнин, которые даже в малом количестве могут причинить организму непоправимый вред."
ЯД (VENOM);"получаемое от змей, скорпионов, пауков и прочих животных отравляющее вещество, которое они используют для поражения своих жертв или врагов. Некоторые яды вызывают лишь появление локальной боли и припухлости в месте их введения; другие яды могут вызвать общее поражение организма, а в некоторых случаях даже привести к смертельному исходу."
ЯДРО (NUCLEUS);1. Основная структура клетки, содержащая ее генетический материал - ДНК. ДНК, объединяясь с белком, обычно рассеивается по ядру в виде хроматина. Во время деления клетки хроматин спирализуется и становится визуально различимым в виде хромосом. В состав ядра также входит РНК, большая часть которой сосредоточена в ядрышке. Хроматин и ядрышко находятся в нуклеоплазме. Ядро отделено от цитоплазмы двойной мембраной - ядерной оболочкой (nuclear envelope). 2. Анатомически и функционально различимое скопление нервных клеток в головном или спинном мозге.
ЯДРО СУБТАЛАМИЧЕСКОЕ (SUBTHALAMIC NUCLEUS);напоминающее двояковыпуклую линзу скопление серого вещества, которое расположено под зрительным бугром сбоку от черного вещества вблизи полосатого тела, с которым оно связано нервными путями. Кроме того, оно связано с корой головного мозга и некоторыми другими расположенными поблизости ядрами.
ЯДРО ЧЕЧЕВИЦЕОБРАЗНОЕ (LENTICULAR NUCLEUS, LENTIFORM NUCLEUS);см. Ганглии базальные.
ЯДРЫШКО (NUCLEOLUS, МНОЖ. NUCLEOLI);"плотное образование сферической формы, находящееся в клеточном ядре и исчезающее в процессе деления клетки. В состав ядрышка входит РНК, участвующая в синтезе рибосом; само ядрышко играет важную роль в синтезе белков и образовании РНК."
